question_id,exact_student_question,candidature_phase,decision_type,method_or_discipline_variation,risk_if_unanswered,current_chapter,checklist_or_template_needed,escalation_needed,status,source_or_rationale,origin_channel,linked_issue_or_submission_id,date_added,last_reviewed
Q0001,"Where do I start?",first-90-days,next-action,all,consequential,02-first-90-days,day-one checklist,no,mapped,Source 2.2,source-brief,,2026-08-28,2026-08-28
Q0002,"What should I do on day one in week one and during the first 90 days?",first-90-days,planning,all,consequential,02-first-90-days,first-90-days checklists,no,mapped,Source 2.2,source-brief,,2026-08-28,2026-08-28
Q0003,"Am I doing a PhD properly?",all,standards,all,consequential,01-phd-and-good-enough,good-enough rubric,maybe,mapped,Source 2.2,source-brief,,2026-08-28,2026-08-28
Q0004,"Am I on the right track?",all,progress,all,consequential,01-phd-and-good-enough,good-enough rubric,maybe,mapped,Source 2.2,source-brief,,2026-08-28,2026-08-28
Q0005,"Is my topic appropriate for a PhD?",topic,topic-selection,all,consequential,08-topic-due-diligence,topic due-diligence canvas,maybe,mapped,Source 2.2,source-brief,,2026-08-28,2026-08-28
Q0006,"Is my research question clear important feasible and defensible?",topic,research-question,all,consequential,09-questions-and-pivots,research-question stress test,maybe,mapped,Source 2.2,source-brief,,2026-08-28,2026-08-28
Q0007,"Have I done enough background work before asking my supervisor?",all,due-diligence,all,routine,06-feedback-and-independence,before-you-ask prompt,no,mapped,Source 2.2,source-brief,,2026-08-28,2026-08-28
Q0008,"Is the gap real consequential and worth addressing?",topic,gap-assessment,all,consequential,07-problem-gap-contribution,topic case,maybe,mapped,Source 2.2,source-brief,,2026-08-28,2026-08-28
Q0009,"What evidence would persuade a sceptical researcher reviewer examiner or stakeholder?",all,evidence-sufficiency,all,consequential,07-problem-gap-contribution,evidence matrix,no,mapped,Source 2.2,source-brief,,2026-08-28,2026-08-28
Q0010,"Which kind of literature search is proportionate to what I need now?",literature,search-method,all,consequential,10-search-ladder,search ladder decision tree,no,mapped,Source 2.2,source-brief,,2026-08-28,2026-08-28
Q0011,"How do I move from quick orientation to a reproducible systematic search?",literature,search-method,evidence-synthesis,consequential,11-reproducible-searching,search log,maybe,mapped,Source 2.2,source-brief,,2026-08-28,2026-08-28
Q0012,"How do I know whether a method is appropriate rather than merely familiar?",design,method-selection,method-specific,consequential,13-design-alignment,method-options table,maybe,mapped,Source 2.2,source-brief,,2026-08-28,2026-08-28
Q0013,"What has already been tried what failed and what assumptions am I inheriting?",design,due-diligence,method-specific,consequential,15-rigour-and-variation,method decision record,no,mapped,Source 2.2,source-brief,,2026-08-28,2026-08-28
Q0014,"How do I make and document a defensible decision under uncertainty?",all,decision,all,consequential,15-rigour-and-variation,decision log,maybe,mapped,Source 2.2,source-brief,,2026-08-28,2026-08-28
Q0015,"What does good enough look like at this stage?",all,standards,all,consequential,01-phd-and-good-enough,good-enough rubric,no,mapped,Source 2.2,source-brief,,2026-08-28,2026-08-28
Q0016,"What should I do when the research does not go to plan?",disruption,recovery,all,consequential,31-failed-studies,pivot continue stop aid,maybe,mapped,Source 2.2,source-brief,,2026-08-28,2026-08-28
Q0017,"What do I do when I am stuck?",all,triage,all,consequential,33-decide-and-stuck,stuck diagnostic,maybe,mapped,Source 2.2,source-brief,,2026-08-28,2026-08-28
Q0018,"When should I solve a problem myself consult a peer ask a supervisor or formally escalate?",all,escalation,all,high-risk,33-decide-and-stuck,escalation message builder,yes,mapped,Source 2.2,source-brief,,2026-08-28,2026-08-28
Q0019,"How do I use coding version control and AI responsibly?",technology,tool-use,computational,high-risk,24-git-github-ai,AI decision tree,maybe,mapped,Source 2.2,source-brief,,2026-08-28,2026-08-28
Q0020,"How do I become less dependent on my supervisor without becoming isolated or reckless?",all,independence,all,consequential,06-feedback-and-independence,before-you-ask prompt,maybe,mapped,Source 2.2,source-brief,,2026-08-28,2026-08-28
Q0021,"What should I verify before accepting an offer or committing to a proposed project?",pre-enrolment,due-diligence,all,consequential,03-provisional-plan,topic due-diligence canvas,maybe,mapped,student-phase pass 2,coverage-audit,,2026-08-28,2026-08-28
Q0022,"How do I plan when I am part-time remote or balancing paid work and caring responsibilities?",first-90-days,planning,part-time-remote-caring,consequential,02-first-90-days,supervision agreement,maybe,mapped,student-variation pass 2,coverage-audit,,2026-08-28,2026-08-28
Q0023,"How do I prepare evidence for confirmation or a formal progress review?",progression,readiness,all,consequential,25-milestones-weekly-work,good-enough rubric,maybe,mapped,student-phase pass 2,coverage-audit,,2026-08-28,2026-08-28
Q0024,"What changes when my doctorate is practice-led creative professional or multi-study?",design,variation,practice-led-creative-professional,consequential,15-rigour-and-variation,method decision record,maybe,mapped,student-variation pass 2,coverage-audit,,2026-08-28,2026-08-28
Q0025,"How do I work responsibly with communities partners or culturally governed knowledge?",all,governance,community-partner-Indigenous,high-risk,16-ethics-privacy-consent,ethics readiness checklist,yes,mapped,student-variation stakeholder passes,coverage-audit,,2026-08-28,2026-08-28
Q0026,"What should I do when health disability caring or unsafe workload changes what is feasible?",disruption,capacity,disability-health-caring,high-risk,33-decide-and-stuck,wellbeing or safety pathway,yes,mapped,student-variation pass 2,coverage-audit,,2026-08-28,2026-08-28
Q0027,"Who should decide an ethics data safety integrity or contractual question?",ethics,authority,all,high-risk,17-integrity-governance-ai,escalation message builder,yes,mapped,stakeholder pass 3,coverage-audit,,2026-08-28,2026-08-28
Q0028,"How do I prepare a handoff that another researcher can actually recover and use?",project,handover,collaborative-computational,consequential,27-collaboration-handoffs-scope,project closure handover checklist,maybe,mapped,stakeholder usability passes,coverage-audit,,2026-08-28,2026-08-28
Q0029,"What if two supervisors or collaborators give incompatible instructions?",supervision,conflict,all,consequential,29-reviewable-work-feedback,feedback response matrix,yes,mapped,stakeholder failure-mode passes,coverage-audit,,2026-08-28,2026-08-28
Q0030,"How do I know whether a null ambiguous or unexpected result is still informative?",disruption,interpretation,all,consequential,31-failed-studies,pivot continue stop aid,maybe,mapped,failure-mode pass 4,coverage-audit,,2026-08-28,2026-08-28
Q0031,"What evidence proves that a technical repair has restored the analysis rather than hidden the error?",analysis,recovery,computational,high-risk,32-technical-failure-perfectionism,before analysis checklist,maybe,mapped,failure-mode pass 4,coverage-audit,,2026-08-28,2026-08-28
Q0032,"How do I choose a journal without relying only on prestige or an invitation?",publication,outlet-selection,all,consequential,30-publishing-review-communication,journal due-diligence template,maybe,mapped,external-discovery pass 2,coverage-audit,,2026-08-28,2026-08-28
Q0033,"How do I show what I contributed when the thesis is collaborative?",completion,contribution,collaborative,consequential,34-independence-contribution,thesis contribution map,maybe,mapped,stakeholder pass 3,coverage-audit,,2026-08-28,2026-08-28
Q0034,"How do I test whether the exact thesis file is ready to submit?",examination,submission,all,high-risk,35-examination-corrections,before thesis submission checklist,maybe,mapped,student-phase usability passes,coverage-audit,,2026-08-28,2026-08-28
Q0035,"How do I respond when an examiner correction is ambiguous or methodologically problematic?",corrections,decision,all,consequential,35-examination-corrections,decision log,yes,mapped,student-phase failure-mode passes,coverage-audit,,2026-08-28,2026-08-28
Q0036,"What must be retained transferred disposed of or kept active after I leave?",closure,custody,all,high-risk,36-closure-transition,project closure handover checklist,yes,mapped,student-phase stakeholder passes,coverage-audit,,2026-08-28,2026-08-28
Q0037,How can I find regular contact with other researchers?,all,isolation,institution; award; jurisdiction; individual circumstances,consequential,stuck/life-during-a-phd.qmd#isolation,existing linked resources,as described in linked pathway,drafted locally; not published,Editorial paraphrase prompted by https://www.reddit.com/r/PhD/comments/1vg4pnq/i_feel_so_alone_in_my_phd/,public Reddit editorial scan; not a direct submission,,2026-09-05,2026-09-05
Q0038,What should I do when I cannot sustain the workload?,all,exhaustion,institution; award; jurisdiction; individual circumstances,consequential,stuck/life-during-a-phd.qmd#exhaustion,existing linked resources,as described in linked pathway,drafted locally; not published,Editorial paraphrase prompted by https://www.reddit.com/r/PhD/comments/1vec83n/phd_burnout_recovery_phase_or_should_i_quit/,public Reddit editorial scan; not a direct submission,,2026-09-05,2026-09-05
Q0039,What if funding ends before I can finish?,all,funding,institution; award; jurisdiction; individual circumstances,consequential,stuck/life-during-a-phd.qmd#funding,existing linked resources,as described in linked pathway,drafted locally; not published,Editorial paraphrase prompted by https://www.reddit.com/r/PhD/comments/1bbig06/,public Reddit editorial scan; not a direct submission,,2026-09-05,2026-09-05
Q0040,What should I clarify after a funding withdrawal?,all,funding,institution; award; jurisdiction; individual circumstances,consequential,stuck/life-during-a-phd.qmd#funding,existing linked resources,as described in linked pathway,drafted locally; not published,Editorial paraphrase prompted by https://www.reddit.com/r/PhD/comments/1kgqavc/,public Reddit editorial scan; not a direct submission,,2026-09-05,2026-09-05
Q0041,Where can I go when the supervisory relationship is unsafe?,all,supervision,institution; award; jurisdiction; individual circumstances,consequential,stuck/life-during-a-phd.qmd#supervision,existing linked resources,as described in linked pathway,drafted locally; not published,Editorial paraphrase prompted by https://www.reddit.com/r/PhD/comments/1td7q5b/the_phd_broke_me/,public Reddit editorial scan; not a direct submission,,2026-09-05,2026-09-05
Q0042,How can I tell a skills gap from comparison with peers?,all,comparison,institution; award; jurisdiction; individual circumstances,consequential,stuck/life-during-a-phd.qmd#comparison,existing linked resources,as described in linked pathway,drafted locally; not published,Editorial paraphrase prompted by https://www.reddit.com/r/PhD/comments/1k04fv0/,public Reddit editorial scan; not a direct submission,,2026-09-05,2026-09-05
Q0043,How do I compare changing the doctorate with leaving?,all,continue-or-leave,institution; award; jurisdiction; individual circumstances,consequential,stuck/life-during-a-phd.qmd#continue-or-leave,existing linked resources,as described in linked pathway,drafted locally; not published,Editorial paraphrase prompted by https://www.reddit.com/r/PhD/comments/1iw7w0w/is_it_normal_to_want_to_quit_phd_everyday_and/,public Reddit editorial scan; not a direct submission,,2026-09-05,2026-09-05
Q0044,How do I prepare for work beyond academia?,all,careers,institution; award; jurisdiction; individual circumstances,consequential,stuck/life-during-a-phd.qmd#careers,existing linked resources,as described in linked pathway,drafted locally; not published,Editorial paraphrase prompted by https://www.reddit.com/r/PhD/comments/1p3a909/finished_my_phd_job_market_sucks_questioning_my/,public Reddit editorial scan; not a direct submission,,2026-09-05,2026-09-05
Q0045,How do I show employers skills beyond a publication count?,all,careers,institution; award; jurisdiction; individual circumstances,consequential,stuck/life-during-a-phd.qmd#careers,existing linked resources,as described in linked pathway,drafted locally; not published,Editorial paraphrase prompted by https://www.reddit.com/r/PhD/comments/1uiwvr9/phd_graduates_in_industry_can_you_have_a/,public Reddit editorial scan; not a direct submission,,2026-09-05,2026-09-05
