theme,editorial_question_paraphrase,source_url,post_date_reported,post_score_in_search_snapshot,access_basis,prior_coverage,destination,status,reviewed
isolation,How can I find regular contact with other researchers?,https://www.reddit.com/r/PhD/comments/1vg4pnq/i_feel_so_alone_in_my_phd/,2026-08-05,74,search-returned post text,General first-90-days coverage; no practical peer-contact section,stuck/life-during-a-phd.qmd#isolation,local draft; not published,2026-09-05
exhaustion,What should I do when I cannot sustain the workload?,https://www.reddit.com/r/PhD/comments/1vec83n/phd_burnout_recovery_phase_or_should_i_quit/,2026-08-03,6,search-returned post text,Existing wellbeing referral; workload conversation needed,stuck/life-during-a-phd.qmd#exhaustion,local draft; not published,2026-09-05
funding,What if funding ends before I can finish?,https://www.reddit.com/r/PhD/comments/1bbig06/,2024-03-10,443,search-returned post text,Funding dates mentioned; no dedicated decision prompts,stuck/life-during-a-phd.qmd#funding,local draft; not published,2026-09-05
funding,What should I clarify after a funding withdrawal?,https://www.reddit.com/r/PhD/comments/1kgqavc/,2025-05-07,5,search-returned post text,Funding risk mapped; practical questions added,stuck/life-during-a-phd.qmd#funding,local draft; not published,2026-09-05
supervision,Where can I go when the supervisory relationship is unsafe?,https://www.reddit.com/r/PhD/comments/1td7q5b/the_phd_broke_me/,2026-05-14,59,search-returned post text,Substantial existing supervision and independent escalation coverage,stuck/life-during-a-phd.qmd#supervision,local draft; not published,2026-09-05
comparison,How can I tell a skills gap from comparison with peers?,https://www.reddit.com/r/PhD/comments/1k04fv0/,2025-04-15,183,search excerpt only; direct fetch failed,Good-enough rubric exists; explicit comparison pathway added,stuck/life-during-a-phd.qmd#comparison,local draft; not published,2026-09-05
continue-or-leave,How do I compare changing the doctorate with leaving?,https://www.reddit.com/r/PhD/comments/1iw7w0w/is_it_normal_to_want_to_quit_phd_everyday_and/,2025-02-23,,search-returned discussion excerpts; post score unavailable,Project pivot checklist exists; candidature options needed,stuck/life-during-a-phd.qmd#continue-or-leave,local draft; not published,2026-09-05
careers,How do I prepare for work beyond academia?,https://www.reddit.com/r/PhD/comments/1p3a909/finished_my_phd_job_market_sucks_questioning_my/,2025-11-21,308,full page opened,Closure covered records; career exploration thin,stuck/life-during-a-phd.qmd#careers,local draft; not published,2026-09-05
careers,How do I show employers skills beyond a publication count?,https://www.reddit.com/r/PhD/comments/1uiwvr9/phd_graduates_in_industry_can_you_have_a/,2026-06-29,133,full page opened,Explicit career evidence prompts needed,stuck/life-during-a-phd.qmd#careers,local draft; not published,2026-09-05
